Nº de Parte;Marca;Descripción;Nivel;Posición;Precio Venta;Precio Lista;Existencias Norte;Existencias Sur;Aplicación;Códigos OEM;Garantía;Color
D1210-8327;Bosch;Pastillas de freno cerámicas delanteras;Uso diario;;$45,90;$59,90;12;3;Toyota Corolla 2014-2016;04465-02220;24 meses;negro
BR-9921;Brembo;Balatas delanteras;premium;Delantero;89,50;;4;0;Corolla 14-19 | Yaris 1.5 2012+;;3 años;
KYB-339210;Kayaba;Amortiguador trasero Hilux;original;Trasero;1.234;;2;1;Toyota Hilux diésel 2016-2020;48531-0K500;;
PH4967;Fram;Filtro de aceite;económico;;7.49;;50;50;"Motor 2ZR-FE; Motor 1ZR-FE";;
NGK-94201;NKG;Bujía iridio;;;12,99;;;;Nissan Versa 2015;;;
AC-5W30;Mobil;Aceite de motor 5W-30 sintético 1 galón;alto desempeño;;42.00;;30;;;;;
X-100;Monroe;Amortiguador;;Delantero;cincuenta;;;;Corolla 2016;;;
RB-440;Raybestos;Discos de freno delanteros ventilados;;;38,00;;6;;Corola 2019;;;
WR-01;ACME Parts;Frenos;;;19.99;;;;Toyota Corolla 1995;;;
D1210-8327;Bosch;Pastillas de freno;;;45.90;;;;Toyota Corolla 2015;;;
JP-55;Motorcraft;Bomba de agua;;;64,00;;;;Jeep Wrangler 2007-2018;;;
